{"width":256,"SubTexture":[{"y":291,"frameWidth":30,"x":214,"frameHeight":56,"width":21,"frameY":-1,"height":54,"name":"Lhs_us","frameX":-6},{"y":271,"frameWidth":41,"x":97,"frameHeight":48,"width":39,"frameY":-8,"height":37,"name":"Lhs_ds","frameX":-2},{"y":197,"frameWidth":53,"x":174,"frameHeight":74,"width":38,"frameY":-1,"height":73,"name":"shield","frameX":-8},{"y":197,"frameWidth":40,"x":214,"frameHeight":41,"width":32,"frameY":-1,"height":37,"name":"Lfs_us","frameX":-7},{"y":236,"frameWidth":34,"x":214,"frameHeight":54,"width":22,"frameY":-1,"height":53,"name":"Lfs_ds","frameX":-6},{"y":112,"frameWidth":78,"x":174,"frameHeight":106,"width":60,"frameY":-15,"height":83,"name":"Body","frameX":-9},{"y":61,"frameWidth":32,"x":229,"frameHeight":54,"width":22,"frameY":-10,"height":39,"name":"Rfs_us","frameX":-7},{"y":218,"frameWidth":30,"x":141,"frameHeight":55,"width":28,"frameY":0,"height":53,"name":"Rfs_ds","frameX":-2},{"y":1,"frameWidth":112,"x":136,"frameHeight":143,"width":91,"frameY":-19,"height":109,"name":"head","frameX":-15},{"y":1,"frameWidth":159,"x":1,"frameHeight":158,"width":133,"frameY":-13,"height":143,"name":"helmet","frameX":-15},{"y":218,"frameWidth":108,"x":1,"frameHeight":97,"width":94,"frameY":-5,"height":92,"name":"scarf","frameX":-10},{"y":146,"frameWidth":172,"x":1,"frameHeight":90,"width":171,"frameY":-12,"height":70,"name":"sword","frameX":-1},{"width":1,"y":102,"height":1,"name":"Rhs_us_1","x":229},{"y":218,"frameWidth":55,"x":97,"frameHeight":56,"width":42,"frameY":-3,"height":51,"name":"Rhs_us","frameX":-7},{"y":1,"frameWidth":31,"x":229,"frameHeight":60,"width":26,"frameY":-1,"height":58,"name":"Rhs_ds","frameX":-5}],"height":512,"name":"KnightAnimation","imagePath":"KnightAnimation_tex.png"}