{"frameRate":24,"armature":[{"aabb":{"width":183.9084453526312,"y":-157.10945960035497,"height":297.80345883364214,"x":-85.02732571101777},"defaultActions":[{"gotoAndPlay":"Move"}],"type":"Armature","ik":[{"chain":1,"bone":"Rfs_ds","name":"bone_ik","target":"右腿"},{"chain":1,"bone":"Lfs_ds","name":"bone_ik1","target":"左腿"},{"chain":1,"bone":"Lhs_ds","name":"bone_ik3","bendPositive":"false","target":"左手"},{"chain":1,"bone":"helmet","name":"bone_ik4","bendPositive":"false","target":"bone_ikTarget"},{"chain":1,"bone":"Rhs_ds","name":"bone_ik2","bendPositive":"false","target":"右手"}],"skin":[{"name":"","slot":[{"display":[{"path":"scarf","type":"image","name":"scarf","transform":{"skY":42.762,"y":0.3231,"skX":42.762,"x":-36.2712}}],"name":"scarf"},{"display":[{"path":"Lfs_us","type":"image","name":"Lfs_us","transform":{"skY":-50.3797,"y":2.3423,"skX":-50.3797,"x":11.3546}}],"name":"Lfs_us"},{"display":[{"path":"Rhs_us_1","type":"image","name":"Rhs_us_1","transform":{"skY":-138.7586,"y":1.9355,"skX":-138.7586,"x":2.1079}},{"path":"Rhs_us","type":"image","name":"Rhs_us","transform":{"skY":-137.2359,"y":3.6016,"skX":-137.2359,"x":6.7161}}],"name":"Rhs_us"},{"display":[{"path":"Body","type":"image","name":"Body","transform":{"skY":90.3695,"y":-1.3794,"skX":90.3695,"x":17.3399}}],"name":"body"},{"display":[{"path":"Rfs_ds","type":"image","name":"Rfs_ds","transform":{"skY":-108.3228,"y":-0.1025,"skX":-108.3228,"x":16.193}}],"name":"Rfs_ds"},{"display":[{"path":"Lhs_us","type":"image","name":"Lhs_us","transform":{"skY":-95.7432,"y":0.7644,"skX":-95.7432,"x":12.49}}],"name":"Lhs_us"},{"display":[{"path":"helmet","type":"image","name":"helmet","transform":{"skY":133.1124,"y":-8.0669,"skX":133.1124,"x":29.0858}}],"name":"helmet"},{"display":[{"path":"shield","type":"image","name":"shield","transform":{"skY":37.5183,"y":-4.9274,"skX":37.5183,"x":6.9366}}],"name":"shield"},{"display":[{"path":"sword","type":"image","name":"sword","transform":{"skY":-11.7446,"y":2.169,"skX":-11.7446,"x":54.0656}}],"name":"sword"},{"display":[{"path":"Lfs_ds","type":"image","name":"Lfs_ds","transform":{"skY":-88.2579,"y":-1.3114,"skX":-88.2579,"x":10.2864}}],"name":"Lfs_ds"},{"display":[{"path":"Rhs_ds","type":"image","name":"Rhs_ds","transform":{"skY":-88.8094,"y":-4.1593,"skX":-88.8094,"x":16.2565}}],"name":"Rhs_ds"},{"display":[{"path":"Rfs_us","type":"image","name":"Rfs_us","transform":{"skY":-87.2322,"y":2.7575,"skX":-87.2322,"x":10.3198}}],"name":"Rfs_us"},{"display":[{"path":"head","type":"image","name":"head","transform":{"skY":60.5483,"y":-9.3833,"skX":60.5483,"x":35.3764}}],"name":"head"},{"display":[{"path":"Lhs_ds","type":"image","name":"Lhs_ds","transform":{"skY":-47.8032,"y":-3.3668,"skX":-47.8032,"x":23.1916}}],"name":"Lhs_ds"}]}],"animation":[{"ik":[],"frame":[],"bone":[{"translateFrame":[],"scaleFrame":[],"rotateFrame":[],"name":"root"},{"translateFrame":[{"duration":3,"y":-12.7226,"tweenEasing":0,"x":-33.551},{"duration":6,"y":-14.8939,"tweenEasing":0,"x":-15.4798},{"duration":3,"y":-4.0734,"tweenEasing":0,"x":8.41},{"duration":3,"y":1.0254,"tweenEasing":0,"x":-2.6578},{"duration":3,"y":-2.0394,"tweenEasing":0,"x":-22.0682},{"duration":3,"y":-3.8272,"tweenEasing":0,"x":-42.5002},{"duration":0,"y":-12.7226,"x":-33.551}],"scaleFrame":[],"rotateFrame":[],"name":"左腿"},{"translateFrame":[{"duration":6,"tweenEasing":0},{"duration":9,"y":-2.2024,"tweenEasing":0},{"duration":6,"y":2.2024,"tweenEasing":0},{"duration":0}],"scaleFrame":[],"rotateFrame":[],"name":"body"},{"translateFrame":[{"duration":3,"y":-1.4183,"tweenEasing":0,"x":19.4236},{"duration":3,"y":-6.0155,"tweenEasing":0,"x":31.2231},{"duration":3,"y":-10.1019,"tweenEasing":0,"x":50.94},{"duration":3,"y":-15.2099,"tweenEasing":0,"x":62.1775},{"duration":3,"y":-11.0556,"tweenEasing":0,"x":47.3202},{"duration":3,"y":-9.9318,"tweenEasing":0,"x":21.7292},{"duration":3,"y":-9.0635,"tweenEasing":0,"x":8.1419},{"duration":0,"y":-1.4183,"x":19.4236}],"scaleFrame":[],"rotateFrame":[],"name":"右手"},{"translateFrame":[{"duration":3,"tweenEasing":0,"x":-2.8104},{"duration":3,"y":5.108,"tweenEasing":0,"x":-10.9831},{"duration":3,"y":-2.0432,"tweenEasing":0,"x":-18.1343},{"duration":3,"y":-3.9332,"tweenEasing":0,"x":-18.1343},{"duration":3,"y":-0.9366,"tweenEasing":0,"x":-5.3864},{"duration":3,"y":1.1066,"tweenEasing":0,"x":0.7432},{"duration":3,"y":1.1066,"tweenEasing":0,"x":5.8512},{"duration":0,"x":-2.8104}],"scaleFrame":[],"rotateFrame":[],"name":"左手"},{"translateFrame":[{"duration":3,"y":-6.4413,"tweenEasing":0,"x":37.1401},{"duration":3,"y":-3.9277,"tweenEasing":0,"x":21.5353},{"duration":3,"y":-7.4634,"tweenEasing":0,"x":2.7892},{"duration":3,"y":-7.4778,"tweenEasing":0,"x":-8.8652},{"duration":3,"y":-15.9145,"tweenEasing":0,"x":-9.7845},{"duration":3,"y":-3.6554,"tweenEasing":0,"x":20.8634},{"duration":3,"y":-7.7418,"tweenEasing":0,"x":35.932},{"duration":0,"y":-6.4413,"x":37.1401}],"scaleFrame":[],"rotateFrame":[],"name":"右腿"},{"translateFrame":[{"duration":21,"y":2.1078,"tweenEasing":0,"x":1.4052},{"duration":0,"y":2.1078,"x":1.4052}],"scaleFrame":[],"rotateFrame":[],"name":"bone_ikTarget"},{"translateFrame":[],"scaleFrame":[],"rotateFrame":[],"name":"scarf"},{"translateFrame":[],"scaleFrame":[],"rotateFrame":[],"name":"Rfs_us"},{"translateFrame":[],"scaleFrame":[],"rotateFrame":[],"name":"Lfs_us"},{"translateFrame":[],"scaleFrame":[],"rotateFrame":[],"name":"Lhs_us"},{"translateFrame":[],"scaleFrame":[],"rotateFrame":[],"name":"head"},{"translateFrame":[],"scaleFrame":[],"rotateFrame":[],"name":"Rhs_us"},{"translateFrame":[],"scaleFrame":[],"rotateFrame":[],"name":"Rfs_ds"},{"translateFrame":[],"scaleFrame":[],"rotateFrame":[],"name":"Lfs_ds"},{"translateFrame":[],"scaleFrame":[],"rotateFrame":[],"name":"helmet"},{"translateFrame":[{"duration":21,"y":-0.5343,"tweenEasing":0,"x":3.9941},{"duration":0,"y":-0.5343,"x":3.9941}],"scaleFrame":[],"rotateFrame":[],"name":"Lhs_ds"},{"translateFrame":[],"scaleFrame":[],"rotateFrame":[],"name":"Rhs_ds"},{"translateFrame":[],"scaleFrame":[],"rotateFrame":[],"name":"sword"},{"translateFrame":[],"scaleFrame":[],"rotateFrame":[],"name":"shield"}],"duration":21,"slot":[{"displayFrame":[],"name":"root13","colorFrame":[]},{"displayFrame":[],"name":"Lhs_us","colorFrame":[]},{"displayFrame":[],"name":"Lhs_ds","colorFrame":[]},{"displayFrame":[],"name":"shield","colorFrame":[]},{"displayFrame":[],"name":"Lfs_us","colorFrame":[]},{"displayFrame":[],"name":"Lfs_ds","colorFrame":[]},{"displayFrame":[],"name":"body","colorFrame":[]},{"displayFrame":[],"name":"Rfs_us","colorFrame":[]},{"displayFrame":[],"name":"Rfs_ds","colorFrame":[]},{"displayFrame":[],"name":"head","colorFrame":[]},{"displayFrame":[],"name":"helmet","colorFrame":[]},{"displayFrame":[],"name":"scarf","colorFrame":[]},{"displayFrame":[],"name":"sword","colorFrame":[]},{"displayFrame":[],"name":"Rhs_us","colorFrame":[]},{"displayFrame":[],"name":"Rhs_ds","colorFrame":[]}],"playTimes":0,"name":"Move","ffd":[]},{"ik":[],"frame":[],"bone":[{"translateFrame":[],"scaleFrame":[],"rotateFrame":[],"name":"root"},{"translateFrame":[],"scaleFrame":[],"rotateFrame":[],"name":"左腿"},{"translateFrame":[{"duration":7,"tweenEasing":0},{"duration":8,"y":1.287,"tweenEasing":0},{"duration":0}],"scaleFrame":[],"rotateFrame":[],"name":"body"},{"translateFrame":[{"duration":3,"tweenEasing":0},{"duration":4,"y":-42.1026,"tweenEasing":0,"x":57.2083},{"duration":3,"y":-84.2053,"tweenEasing":0,"x":77.8117},{"duration":2,"y":-10.4234,"tweenEasing":0,"x":65.1644},{"duration":2,"y":6.7909,"tweenEasing":0,"x":25.4619},{"duration":1,"y":-4.0984,"tweenEasing":0,"x":-14.2407},{"duration":0}],"scaleFrame":[],"rotateFrame":[],"name":"右手"},{"translateFrame":[{"duration":11,"tweenEasing":0},{"duration":4,"y":-9.8362,"tweenEasing":0,"x":-3.5481},{"duration":0}],"scaleFrame":[],"rotateFrame":[],"name":"左手"},{"translateFrame":[],"scaleFrame":[],"rotateFrame":[],"name":"Lfs_us"},{"translateFrame":[],"scaleFrame":[],"rotateFrame":[],"name":"Lhs_us"},{"translateFrame":[],"scaleFrame":[],"rotateFrame":[],"name":"scarf"},{"translateFrame":[],"scaleFrame":[],"rotateFrame":[],"name":"Rfs_us"},{"translateFrame":[],"scaleFrame":[],"rotateFrame":[],"name":"head"},{"translateFrame":[],"scaleFrame":[],"rotateFrame":[],"name":"Rhs_us"},{"translateFrame":[],"scaleFrame":[],"rotateFrame":[],"name":"Rfs_ds"},{"translateFrame":[],"scaleFrame":[],"rotateFrame":[],"name":"helmet"},{"translateFrame":[],"scaleFrame":[],"rotateFrame":[],"name":"Lhs_ds"},{"translateFrame":[],"scaleFrame":[],"rotateFrame":[],"name":"Lfs_ds"},{"translateFrame":[],"scaleFrame":[],"rotateFrame":[],"name":"Rhs_ds"},{"translateFrame":[],"scaleFrame":[],"rotateFrame":[],"name":"sword"},{"translateFrame":[],"scaleFrame":[],"rotateFrame":[],"name":"shield"},{"translateFrame":[],"scaleFrame":[],"rotateFrame":[],"name":"右腿"},{"translateFrame":[],"scaleFrame":[],"rotateFrame":[],"name":"bone_ikTarget"}],"duration":15,"slot":[{"displayFrame":[],"name":"root13","colorFrame":[]},{"displayFrame":[],"name":"Lhs_us","colorFrame":[]},{"displayFrame":[],"name":"Lhs_ds","colorFrame":[]},{"displayFrame":[],"name":"shield","colorFrame":[]},{"displayFrame":[],"name":"Lfs_us","colorFrame":[]},{"displayFrame":[],"name":"Lfs_ds","colorFrame":[]},{"displayFrame":[],"name":"body","colorFrame":[]},{"displayFrame":[],"name":"Rfs_us","colorFrame":[]},{"displayFrame":[],"name":"Rfs_ds","colorFrame":[]},{"displayFrame":[],"name":"head","colorFrame":[]},{"displayFrame":[],"name":"helmet","colorFrame":[]},{"displayFrame":[],"name":"scarf","colorFrame":[]},{"displayFrame":[],"name":"sword","colorFrame":[]},{"displayFrame":[],"name":"Rhs_us","colorFrame":[]},{"displayFrame":[],"name":"Rhs_ds","colorFrame":[]}],"playTimes":0,"name":"Attack","ffd":[]},{"ik":[],"frame":[],"bone":[{"translateFrame":[],"scaleFrame":[],"rotateFrame":[],"name":"root"},{"translateFrame":[],"scaleFrame":[],"rotateFrame":[],"name":"左腿"},{"translateFrame":[{"duration":11,"tweenEasing":0},{"duration":11,"y":1.287,"tweenEasing":0},{"duration":0}],"scaleFrame":[],"rotateFrame":[],"name":"body"},{"translateFrame":[],"scaleFrame":[],"rotateFrame":[],"name":"右手"},{"translateFrame":[],"scaleFrame":[],"rotateFrame":[],"name":"左手"},{"translateFrame":[],"scaleFrame":[],"rotateFrame":[],"name":"Lfs_us"},{"translateFrame":[],"scaleFrame":[],"rotateFrame":[],"name":"Lhs_us"},{"translateFrame":[],"scaleFrame":[],"rotateFrame":[],"name":"scarf"},{"translateFrame":[],"scaleFrame":[],"rotateFrame":[],"name":"Rfs_us"},{"translateFrame":[],"scaleFrame":[],"rotateFrame":[],"name":"head"},{"translateFrame":[],"scaleFrame":[],"rotateFrame":[],"name":"Rhs_us"},{"translateFrame":[],"scaleFrame":[],"rotateFrame":[],"name":"Rfs_ds"},{"translateFrame":[],"scaleFrame":[],"rotateFrame":[],"name":"helmet"},{"translateFrame":[],"scaleFrame":[],"rotateFrame":[],"name":"Lhs_ds"},{"translateFrame":[],"scaleFrame":[],"rotateFrame":[],"name":"Lfs_ds"},{"translateFrame":[],"scaleFrame":[],"rotateFrame":[],"name":"Rhs_ds"},{"translateFrame":[],"scaleFrame":[],"rotateFrame":[],"name":"sword"},{"translateFrame":[],"scaleFrame":[],"rotateFrame":[],"name":"shield"},{"translateFrame":[],"scaleFrame":[],"rotateFrame":[],"name":"右腿"},{"translateFrame":[],"scaleFrame":[],"rotateFrame":[],"name":"bone_ikTarget"}],"duration":22,"slot":[{"displayFrame":[],"name":"root13","colorFrame":[]},{"displayFrame":[],"name":"Lhs_us","colorFrame":[]},{"displayFrame":[],"name":"Lhs_ds","colorFrame":[]},{"displayFrame":[],"name":"shield","colorFrame":[]},{"displayFrame":[],"name":"Lfs_us","colorFrame":[]},{"displayFrame":[],"name":"Lfs_ds","colorFrame":[]},{"displayFrame":[],"name":"body","colorFrame":[]},{"displayFrame":[],"name":"Rfs_us","colorFrame":[]},{"displayFrame":[],"name":"Rfs_ds","colorFrame":[]},{"displayFrame":[],"name":"head","colorFrame":[]},{"displayFrame":[],"name":"helmet","colorFrame":[]},{"displayFrame":[],"name":"scarf","colorFrame":[]},{"displayFrame":[],"name":"sword","colorFrame":[]},{"displayFrame":[],"name":"Rhs_us","colorFrame":[]},{"displayFrame":[],"name":"Rhs_ds","colorFrame":[]}],"playTimes":0,"name":"stay","ffd":[]},{"ik":[],"frame":[],"bone":[{"translateFrame":[{"duration":6}],"scaleFrame":[],"rotateFrame":[],"name":"root"},{"translateFrame":[],"scaleFrame":[],"rotateFrame":[],"name":"左腿"},{"translateFrame":[{"duration":6,"tweenEasing":0},{"duration":0,"y":1.1094}],"scaleFrame":[],"rotateFrame":[],"name":"body"},{"translateFrame":[],"scaleFrame":[],"rotateFrame":[],"name":"右手"},{"translateFrame":[{"duration":6,"tweenEasing":0},{"duration":0,"y":-4.1603,"x":-17.0296}],"scaleFrame":[],"rotateFrame":[],"name":"左手"},{"translateFrame":[],"scaleFrame":[],"rotateFrame":[],"name":"右腿"},{"translateFrame":[],"scaleFrame":[],"rotateFrame":[],"name":"bone_ikTarget"},{"translateFrame":[],"scaleFrame":[],"rotateFrame":[],"name":"scarf"},{"translateFrame":[],"scaleFrame":[],"rotateFrame":[],"name":"Rfs_us"},{"translateFrame":[],"scaleFrame":[],"rotateFrame":[],"name":"Lfs_us"},{"translateFrame":[],"scaleFrame":[],"rotateFrame":[],"name":"Lhs_us"},{"translateFrame":[],"scaleFrame":[],"rotateFrame":[],"name":"head"},{"translateFrame":[],"scaleFrame":[],"rotateFrame":[],"name":"Rhs_us"},{"translateFrame":[],"scaleFrame":[],"rotateFrame":[],"name":"Lhs_ds"},{"translateFrame":[],"scaleFrame":[],"rotateFrame":[],"name":"Lfs_ds"},{"translateFrame":[],"scaleFrame":[],"rotateFrame":[],"name":"helmet"},{"translateFrame":[],"scaleFrame":[],"rotateFrame":[],"name":"Rfs_ds"},{"translateFrame":[],"scaleFrame":[],"rotateFrame":[],"name":"Rhs_ds"},{"translateFrame":[],"scaleFrame":[],"rotateFrame":[],"name":"sword"},{"translateFrame":[],"scaleFrame":[],"rotateFrame":[],"name":"shield"}],"duration":6,"slot":[{"displayFrame":[],"name":"root13","colorFrame":[]},{"displayFrame":[],"name":"Lhs_us","colorFrame":[]},{"displayFrame":[],"name":"Lhs_ds","colorFrame":[]},{"displayFrame":[],"name":"shield","colorFrame":[]},{"displayFrame":[],"name":"Lfs_us","colorFrame":[]},{"displayFrame":[],"name":"Lfs_ds","colorFrame":[]},{"displayFrame":[],"name":"body","colorFrame":[]},{"displayFrame":[],"name":"Rfs_us","colorFrame":[]},{"displayFrame":[],"name":"Rfs_ds","colorFrame":[]},{"displayFrame":[],"name":"head","colorFrame":[]},{"displayFrame":[],"name":"helmet","colorFrame":[]},{"displayFrame":[],"name":"scarf","colorFrame":[]},{"displayFrame":[],"name":"sword","colorFrame":[]},{"displayFrame":[],"name":"Rhs_us","colorFrame":[]},{"displayFrame":[],"name":"Rhs_ds","colorFrame":[]}],"playTimes":0,"name":"BeAttack","ffd":[]}],"slot":[{"color":{},"displayIndex":-1,"name":"root13","parent":"root"},{"z":1,"color":{},"name":"Lhs_us","parent":"Lhs_us"},{"z":2,"color":{},"name":"Lhs_ds","parent":"Lhs_ds"},{"z":3,"color":{},"name":"shield","parent":"shield"},{"z":4,"color":{},"name":"Lfs_us","parent":"Lfs_us"},{"z":5,"color":{},"name":"Lfs_ds","parent":"Lfs_ds"},{"z":6,"color":{},"name":"body","parent":"body"},{"z":7,"color":{},"name":"Rfs_us","parent":"Rfs_us"},{"z":8,"color":{},"name":"Rfs_ds","parent":"Rfs_ds"},{"z":9,"color":{},"name":"head","parent":"head"},{"z":10,"color":{},"name":"helmet","parent":"helmet"},{"z":11,"color":{},"name":"scarf","parent":"scarf"},{"z":12,"color":{},"name":"sword","parent":"sword"},{"z":13,"color":{},"displayIndex":1,"name":"Rhs_us","parent":"Rhs_us"},{"z":14,"color":{},"name":"Rhs_ds","parent":"Rhs_ds"}],"bone":[{"name":"root","transform":{"y":41.4087,"x":-10.0337}},{"transform":{"y":92.6352,"x":27.4237},"name":"左腿","parent":"root"},{"length":51,"transform":{"skY":-90,"y":9.5786,"skX":-90,"x":5.4166},"parent":"root","name":"body"},{"transform":{"skY":-66.9382,"y":41.0301,"skX":-66.9382,"x":-33.9224},"name":"右手","parent":"root"},{"transform":{"skY":-7.9535,"y":18.258,"skX":-7.9535,"x":45.9262},"name":"左手","parent":"root"},{"transform":{"skY":-1.9415,"y":92.8313,"skX":-1.9415,"x":-19.2916},"name":"右腿","parent":"root"},{"transform":{"y":-159.3012,"x":-14.9345},"name":"bone_ikTarget","parent":"root"},{"length":15,"transform":{"skY":47.238,"skX":47.238,"x":47.219},"parent":"body","name":"scarf"},{"length":37,"transform":{"skY":179.7051,"y":-14.4687,"skX":179.7051,"x":-18.9054},"parent":"body","name":"Rfs_us"},{"length":33,"transform":{"skY":-150.488,"y":7.4525,"skX":-150.488,"x":-18.9183},"parent":"body","name":"Lfs_us"},{"length":34,"transform":{"skY":-174.2568,"y":24.2466,"skX":-174.2568,"x":45.9776},"parent":"body","name":"Lhs_us"},{"length":54,"transform":{"skY":29.876,"y":0.85,"skX":29.876,"x":66.4261},"parent":"body","name":"head"},{"length":31,"transform":{"skY":-133.4841,"y":-25.6376,"skX":-133.4841,"x":33.4558},"parent":"body","name":"Rhs_us"},{"length":38,"transform":{"skY":9.998,"y":1.7195,"skX":9.998,"x":27.5778},"parent":"Rfs_us","name":"Rfs_ds"},{"length":38,"transform":{"skY":41.0535,"y":3.9433,"scX":0.9996,"skX":41.0535,"x":32.1713},"parent":"Lfs_us","name":"Lfs_ds"},{"length":75,"transform":{"skY":-72.9884,"skX":-72.9884,"x":54.2033},"parent":"head","name":"helmet"},{"length":37,"transform":{"skY":-47.94,"y":1.3423,"skX":-47.94,"x":29.7613},"parent":"Lhs_us","name":"Lhs_ds"},{"length":40,"transform":{"skY":-60.607,"y":-2.45,"skX":-60.607,"x":32.253},"parent":"Rhs_us","name":"Rhs_ds"},{"length":114,"transform":{"skY":-90.4982,"y":-3.5586,"skX":-90.4982,"x":37.7887},"parent":"Rhs_ds","name":"sword"},{"length":21,"transform":{"skY":-79.498,"y":-1.9876,"skX":-79.498,"x":36.3293},"parent":"Lhs_ds","name":"shield"}],"name":"Armature","frameRate":24}],"isGlobal":0,"name":"KnightAnimation","version":"5.5"}